Feature_1,Feature_2,Feature_3,Feature_4,Feature_5,Feature_6,Feature_7,Feature_8,Feature_9,Feature_10,Feature_11,Feature_12,Feature_13,Feature_14,Feature_15,Feature_16,Feature_17,Feature_18,Feature_19,Feature_20,Feature_21,Feature_22,Feature_23,Feature_24,Feature_25,Feature_26,Feature_27,Feature_28,Feature_29,Feature_30,Feature_31,Feature_32,Feature_33,Feature_34,Feature_35,Feature_36,Feature_37,Feature_38,Feature_39,Feature_40,Feature_41,Feature_42,Feature_43,Feature_44,Feature_45,Feature_46,Feature_47,Feature_48,Feature_49,Feature_50,Feature_51,Feature_52,Feature_53,Feature_54,Feature_55,Feature_56,Feature_57,Feature_58,Feature_59,Feature_60,Feature_61,Feature_62,Feature_63,Feature_64,Feature_65,Feature_66,Feature_67,Feature_68,Feature_69,Feature_70,Feature_71,Feature_72,Feature_73,Feature_74,Feature_75,Feature_76,Feature_77
92.6739525819748,84.23388747613133,64.70301075106397,59.83213266879231,88.9760916622162,16.221938002014546,25.30796004673824,82.13947249750915,58.01003327239733,34.805439137679414,47.486108483816324,46.90026068922454,26.19556587219096,27.833517386605234,35.78127129486466,60.424434435666065,62.957230801689214,33.46469629158537,11.340976692091031,98.61453054867799,94.52114865923849,61.28387206919378,40.475407326474446,74.61447722080506,33.42250143153951,37.3001114958545,60.57362631027055,50.81733089550785,91.40065101353238,51.0857627091195,80.71930137107606,34.83452631086379,65.19373783411343,46.41223807115609,16.084780273581057,91.37474935516215,28.376369956383364,28.11795662350819,19.345187532393094,95.58028388643417,75.46519143892444,53.57356960356985,11.076704254720793,44.04291661188101,74.55201130282244,5.843076781877354,88.44154151855416,95.80837421018315,90.73675136176827,82.81779765836684,12.365432217670557,0.8969756545054608,25.78549961702099,41.47293468835209,82.64169412911635,14.861390951244413,80.97323183584662,86.80775688271174,72.86619755046686,26.191898753031882,12.114341564953445,9.764332517709162,93.94956700900666,18.97834168467557,93.19067965519424,54.4760548046463,67.76162883631787,56.44937392028131,18.48473082942872,20.125174842249514,49.4208532185026,14.771769207985407,43.07679756979478,92.62823667358154,66.99744436953954,61.11596431710734,69.5002924751702
