Feature_1,Feature_2,Feature_3,Feature_4,Feature_5,Feature_6,Feature_7,Feature_8,Feature_9,Feature_10,Feature_11,Feature_12,Feature_13,Feature_14,Feature_15,Feature_16,Feature_17,Feature_18,Feature_19,Feature_20,Feature_21,Feature_22,Feature_23,Feature_24,Feature_25,Feature_26,Feature_27,Feature_28,Feature_29,Feature_30,Feature_31,Feature_32,Feature_33,Feature_34,Feature_35,Feature_36,Feature_37,Feature_38,Feature_39,Feature_40,Feature_41,Feature_42,Feature_43,Feature_44,Feature_45,Feature_46,Feature_47,Feature_48,Feature_49,Feature_50,Feature_51,Feature_52,Feature_53,Feature_54,Feature_55,Feature_56,Feature_57,Feature_58,Feature_59,Feature_60,Feature_61,Feature_62,Feature_63,Feature_64,Feature_65,Feature_66,Feature_67,Feature_68,Feature_69,Feature_70,Feature_71,Feature_72,Feature_73,Feature_74,Feature_75,Feature_76,Feature_77
0.8990036580721616,88.59855507029182,1.9679833803213809,90.45997509619987,88.94765606087796,39.84744042321532,11.613483714846073,78.14508381500023,4.180993176317749,81.39935612741243,12.205946616608976,19.933571912222302,7.053426707042931,10.028557802873749,49.247350814253764,48.67543443588486,91.29464828074222,17.182982307098683,15.293843892963155,46.927298214433065,1.9698721993579915,76.70951709201198,21.51320803714092,77.75847561426755,52.49253080672583,66.47835732687798,29.54544443060463,7.621189287499098,75.9373683604209,25.380282836660918,0.5438039768623781,85.85762324755962,4.142004894197848,72.90196655609027,59.10546736201544,77.164667979324,8.558542087369613,27.867977203707916,48.2426896783141,73.3847569483715,98.33525371754011,29.11168388581413,77.29413853406585,43.82487148945281,36.14119792116557,2.3983713429045372,86.6432176400454,87.37231869309797,26.441870381415722,70.25188875886592,74.20359236486217,19.82864908055324,78.27765999018582,34.27624787922382,59.26422502312515,64.97281155120427,90.12970140651635,90.9949190589773,41.16974595321662,11.702089818592555,13.359891007685343,53.75398827045724,93.50258426203423,97.40011549077482,19.443347071080662,55.929502094148134,69.19238386883603,90.34145568709073,28.460558769510158,78.84845006076847,33.78434678549238,84.57891086186433,55.334894995699614,46.74651075261558,59.31933849904214,83.33853280602894,48.69092665687863
