Feature_1,Feature_2,Feature_3,Feature_4,Feature_5,Feature_6,Feature_7,Feature_8,Feature_9,Feature_10,Feature_11,Feature_12,Feature_13,Feature_14,Feature_15,Feature_16,Feature_17,Feature_18,Feature_19,Feature_20,Feature_21,Feature_22,Feature_23,Feature_24,Feature_25,Feature_26,Feature_27,Feature_28,Feature_29,Feature_30,Feature_31,Feature_32,Feature_33,Feature_34,Feature_35,Feature_36,Feature_37,Feature_38,Feature_39,Feature_40,Feature_41,Feature_42,Feature_43,Feature_44,Feature_45,Feature_46,Feature_47,Feature_48,Feature_49,Feature_50,Feature_51,Feature_52,Feature_53,Feature_54,Feature_55,Feature_56,Feature_57,Feature_58,Feature_59,Feature_60,Feature_61,Feature_62,Feature_63,Feature_64,Feature_65,Feature_66,Feature_67,Feature_68,Feature_69,Feature_70,Feature_71,Feature_72,Feature_73,Feature_74,Feature_75,Feature_76,Feature_77
28.8883531054992,45.69823456954878,88.37128374472589,63.16089949454957,53.8732773186808,75.90144049501978,58.91270538469841,63.915526185599624,22.48643451788964,16.68274590981046,15.004096031992331,18.97082596573242,2.8766010676662956,79.30070310900274,20.559418134296216,87.18458042304447,52.25032933154804,67.48187658848252,52.65225479225133,54.03253777443451,41.85903143973467,66.84312315184413,91.96858200480176,10.144325558601498,38.57592452628352,84.37371199630537,91.00761184473744,93.2842655652133,30.080244544690473,95.22841418602371,23.772265388703985,18.078173839973577,88.72479214354658,82.25029718591767,89.83018312084013,63.007088718891524,36.75983811389775,7.129895306752621,1.9755834891896251,48.99160637929689,70.64722594547372,45.61097173854937,67.80488520492236,41.93267266408491,72.24641983394733,91.86449600549628,89.20468709579445,84.80918953556672,0.21747528131299543,31.46670856785787,12.252780535669494,96.7104779017256,13.776584845006102,74.35732934971774,64.65982713183094,19.739968883549807,46.33635534205214,78.94506367219788,50.772397758932584,31.369750817640284,81.89677558958279,58.780612580933635,79.13523503821929,37.98931644058035,4.762234972770196,21.927469285388558,93.6586215993061,25.78686612792612,96.36396249448619,51.33164472354079,95.66301136578772,74.83348941981997,18.791095895755227,71.08640286674748,94.14318077506448,11.195224690666695,61.282355313389225
