Feature_1,Feature_2,Feature_3,Feature_4,Feature_5,Feature_6,Feature_7,Feature_8,Feature_9,Feature_10,Feature_11,Feature_12,Feature_13,Feature_14,Feature_15,Feature_16,Feature_17,Feature_18,Feature_19,Feature_20,Feature_21,Feature_22,Feature_23,Feature_24,Feature_25,Feature_26,Feature_27,Feature_28,Feature_29,Feature_30,Feature_31,Feature_32,Feature_33,Feature_34,Feature_35,Feature_36,Feature_37,Feature_38,Feature_39,Feature_40,Feature_41,Feature_42,Feature_43,Feature_44,Feature_45,Feature_46,Feature_47,Feature_48,Feature_49,Feature_50,Feature_51,Feature_52,Feature_53,Feature_54,Feature_55,Feature_56,Feature_57,Feature_58,Feature_59,Feature_60,Feature_61,Feature_62,Feature_63,Feature_64,Feature_65,Feature_66,Feature_67,Feature_68,Feature_69,Feature_70,Feature_71,Feature_72,Feature_73,Feature_74,Feature_75,Feature_76,Feature_77
72.91150697213541,68.63362873229158,33.238969260392224,55.17022333346231,98.94578750136876,60.36543725451011,0.27009712371041106,51.02353286676089,4.473371030871521,12.507884303800731,63.3928810213437,9.667757387057174,82.1740416821027,30.985070883468502,32.94955055056571,69.00051952770032,97.4080868861598,17.57022124248214,30.393564961444643,26.06286870288216,40.9253897982373,49.32979923899723,80.23911517364361,65.97348734283347,80.16242182877868,58.02225560568398,35.545291605012906,15.01585692066011,11.793295913221568,11.446987337627611,32.955073992527495,86.77525598280229,92.10746804889716,66.53413067466602,21.06608591458039,16.458393627420488,68.30401145206217,85.8956911266312,83.91659824082053,66.89874122092944,67.16499569347198,14.372820924246078,47.79259468433048,68.66472185187284,79.64881618695611,41.70197720287431,92.15979166011043,5.54080385357204,42.86093793709264,29.512713541125322,24.85541818647804,13.736706448482206,92.44846889405058,62.00957565762126,66.81415021840743,11.506850285011538,48.57364392215949,45.64207799704154,38.35333167986729,39.964398074234374,30.47456840238435,3.482791600961044,82.01943236934636,65.45223994709448,35.4869602828361,74.85410137090896,60.997506845418584,22.42083086233325,75.05840429051169,95.36857130464239,61.80925528531578,82.94278588915431,17.96848588037089,13.737096567841856,71.71143383538765,72.79777928285715,48.01502524566119
