Feature_1,Feature_2,Feature_3,Feature_4,Feature_5,Feature_6,Feature_7,Feature_8,Feature_9,Feature_10,Feature_11,Feature_12,Feature_13,Feature_14,Feature_15,Feature_16,Feature_17,Feature_18,Feature_19,Feature_20,Feature_21,Feature_22,Feature_23,Feature_24,Feature_25,Feature_26,Feature_27,Feature_28,Feature_29,Feature_30,Feature_31,Feature_32,Feature_33,Feature_34,Feature_35,Feature_36,Feature_37,Feature_38,Feature_39,Feature_40,Feature_41,Feature_42,Feature_43,Feature_44,Feature_45,Feature_46,Feature_47,Feature_48,Feature_49,Feature_50,Feature_51,Feature_52,Feature_53,Feature_54,Feature_55,Feature_56,Feature_57,Feature_58,Feature_59,Feature_60,Feature_61,Feature_62,Feature_63,Feature_64,Feature_65,Feature_66,Feature_67,Feature_68,Feature_69,Feature_70,Feature_71,Feature_72,Feature_73,Feature_74,Feature_75,Feature_76,Feature_77
82.77754299649965,82.19845474553381,75.02090309591132,26.966787788450475,13.184072276665015,19.90290721889403,27.726684996409578,2.55092353909272,38.92939802215615,58.45003419437401,86.03048348675972,55.32578536449609,15.280631443265069,56.8353731857304,23.0763191767138,51.37698282000166,39.03963555616522,96.3361430917346,66.57689314140704,51.594583407340814,47.37370742706884,42.75535611119906,0.7309613939257775,70.84149632945343,13.693437297978207,53.1967753585334,57.768757671105966,18.980367104191753,33.87926438218168,8.379763766408887,12.731842716945286,26.263744165512758,12.27684232077053,14.408026796912877,22.361247301565445,4.841063786865796,31.539845882771267,75.92521439939739,40.791696950747166,53.9563168987987,17.365305852834567,75.840073530787,47.68712057444059,91.61043279039028,55.24797216014235,92.44465573996227,68.29998723526995,28.17961564044048,30.082794041664997,43.62325413033421,60.67328054499851,7.947649421874548,26.107557672847058,2.2042873716033196,37.537264244647936,63.23192439907015,13.788476280422145,44.541968016820896,35.78605022774044,45.672372644906936,31.011145537252215,85.64159016407802,76.71262099760806,41.697187216686956,33.05969709989729,32.24222376763234,32.10705220917015,97.54018725678705,88.49052233540861,28.864309533128452,38.73884616639008,41.964460603361154,14.39808297444305,4.310403236101301,94.56845197669777,94.32724534142338,25.94229451095731
