Feature_1,Feature_2,Feature_3,Feature_4,Feature_5,Feature_6,Feature_7,Feature_8,Feature_9,Feature_10,Feature_11,Feature_12,Feature_13,Feature_14,Feature_15,Feature_16,Feature_17,Feature_18,Feature_19,Feature_20,Feature_21,Feature_22,Feature_23,Feature_24,Feature_25,Feature_26,Feature_27,Feature_28,Feature_29,Feature_30,Feature_31,Feature_32,Feature_33,Feature_34,Feature_35,Feature_36,Feature_37,Feature_38,Feature_39,Feature_40,Feature_41,Feature_42,Feature_43,Feature_44,Feature_45,Feature_46,Feature_47,Feature_48,Feature_49,Feature_50,Feature_51,Feature_52,Feature_53,Feature_54,Feature_55,Feature_56,Feature_57,Feature_58,Feature_59,Feature_60,Feature_61,Feature_62,Feature_63,Feature_64,Feature_65,Feature_66,Feature_67,Feature_68,Feature_69,Feature_70,Feature_71,Feature_72,Feature_73,Feature_74,Feature_75,Feature_76,Feature_77
39.748186339503675,77.21983441658884,61.35614689286303,57.44146456649245,73.47335859308237,13.85227337675885,41.675559653508124,69.71777889198101,52.74914998667809,25.220828402033014,1.246221423786309,5.853699961870973,58.24269886673983,9.341985758117122,74.4172191368736,31.691140148166884,10.359748215696262,25.761762622177198,28.321275121773326,58.89750954161457,61.843350523542505,63.76077623702553,65.94732776271769,62.3170267059129,37.664248435937985,37.05653198611153,99.38508094994717,77.57399919658586,81.48701469830165,12.603726335159193,79.72706053187297,31.239529862100667,42.37741662711614,88.03473076801038,17.45807157103394,77.40412168224857,10.420555017667644,34.24015040275291,41.478480600065545,46.4335812676948,10.267772990879676,57.67117156931357,72.96557378469925,11.289197760247571,91.98399434635427,16.551745343206814,2.2409240046586287,40.870189949433325,97.10675297743822,37.91549281817328,16.428650402957466,45.197383913188716,7.14788698999016,31.77435227043214,52.547012037145,81.16651228750912,28.89176050518165,92.59972838808676,95.33856887723617,28.116774346397612,95.75628596531568,32.39374909060621,16.94200205483233,84.90996385360683,57.96034184089237,42.703202485852145,0.9028793778277255,87.1208449477408,69.25276956510223,98.82388688105493,45.45352828740666,6.596378314261675,26.555344740914244,5.2106665880195635,30.389434069953268,98.9475572452157,9.553685225250842
