Feature_1,Feature_2,Feature_3,Feature_4,Feature_5,Feature_6,Feature_7,Feature_8,Feature_9,Feature_10,Feature_11,Feature_12,Feature_13,Feature_14,Feature_15,Feature_16,Feature_17,Feature_18,Feature_19,Feature_20,Feature_21,Feature_22,Feature_23,Feature_24,Feature_25,Feature_26,Feature_27,Feature_28,Feature_29,Feature_30,Feature_31,Feature_32,Feature_33,Feature_34,Feature_35,Feature_36,Feature_37,Feature_38,Feature_39,Feature_40,Feature_41,Feature_42,Feature_43,Feature_44,Feature_45,Feature_46,Feature_47,Feature_48,Feature_49,Feature_50,Feature_51,Feature_52,Feature_53,Feature_54,Feature_55,Feature_56,Feature_57,Feature_58,Feature_59,Feature_60,Feature_61,Feature_62,Feature_63,Feature_64,Feature_65,Feature_66,Feature_67,Feature_68,Feature_69,Feature_70,Feature_71,Feature_72,Feature_73,Feature_74,Feature_75,Feature_76,Feature_77
37.40037260092183,50.50958805769026,36.06906229901238,32.98898239578014,90.65207152805725,20.92055080402786,79.06877331156319,94.10924840943528,17.021300752315728,22.137039564461112,55.43237401248729,42.131092117198776,10.978511095125931,53.22047800724341,81.21176443971554,67.16254032977858,23.410592386263517,26.368132063611117,42.86529249114335,80.50307236877583,91.38536672095483,44.55358736747434,30.924456176570125,57.447420268718155,0.9035838038808808,81.58241539702344,23.621223077791186,83.878497804374,52.24515460598563,4.222283023693263,19.979657089512603,67.10686605602807,87.2604016668482,83.46142932792534,52.52377197147252,35.95028040933039,12.997856948043163,74.18043641397955,54.45042377797029,74.19634287372145,50.17174601459254,97.92832658901463,18.925729116816004,2.6578096664881645,10.758212818884537,69.12308909805996,21.034216033957364,55.78049916509499,11.314048942176957,23.0055102038352,1.6550897184513635,1.9683004150234829,35.325524911166525,20.530206192946775,73.68181052093526,44.61778953352168,88.566159572209,50.53215325704088,28.163677988011138,58.687680584177635,45.6133708064055,59.65464740190099,2.1612832123010572,35.54626275816215,38.803515740983386,29.69187080437603,96.20262723535384,77.47751188423763,9.127022815095753,19.139355793196888,79.53333144809221,10.793048385079185,52.69515153085469,37.82646042396488,27.15112088352799,5.31280877756174,74.01170587205917
