Feature_1,Feature_2,Feature_3,Feature_4,Feature_5,Feature_6,Feature_7,Feature_8,Feature_9,Feature_10,Feature_11,Feature_12,Feature_13,Feature_14,Feature_15,Feature_16,Feature_17,Feature_18,Feature_19,Feature_20,Feature_21,Feature_22,Feature_23,Feature_24,Feature_25,Feature_26,Feature_27,Feature_28,Feature_29,Feature_30,Feature_31,Feature_32,Feature_33,Feature_34,Feature_35,Feature_36,Feature_37,Feature_38,Feature_39,Feature_40,Feature_41,Feature_42,Feature_43,Feature_44,Feature_45,Feature_46,Feature_47,Feature_48,Feature_49,Feature_50,Feature_51,Feature_52,Feature_53,Feature_54,Feature_55,Feature_56,Feature_57,Feature_58,Feature_59,Feature_60,Feature_61,Feature_62,Feature_63,Feature_64,Feature_65,Feature_66,Feature_67,Feature_68,Feature_69,Feature_70,Feature_71,Feature_72,Feature_73,Feature_74,Feature_75,Feature_76,Feature_77
78.46302372283466,68.12946873189873,55.22313217903796,76.89355552891051,23.33417406769659,25.813109322335293,66.05040186857816,24.99182737016531,46.270310046407005,53.17559865168826,95.3342060807485,70.07115799927914,49.510929825545645,54.12293032346642,87.50995472978988,32.56369357303189,10.138529120926298,24.459160337461228,48.70739576943279,92.31966996136532,41.63875116319938,48.876406889360055,43.357231810751806,49.00415314780084,9.913756114449967,82.49029882567524,69.78126201235023,15.155490152983775,85.41972343239378,68.00541919317872,74.15498275518566,88.56453165005347,97.54311268982386,80.29540296172581,7.84994639242016,52.51810545006131,68.30317933800828,99.7667106727974,35.58726328185219,31.531539154403866,97.96115261757143,56.03960639929514,55.15783604694688,68.02129798538058,39.58983746100616,39.519919353961996,17.486346215746483,40.083676266969334,20.658456726521766,28.153453025482044,82.8070836455795,26.883221930592395,1.1545184748424142,82.55919760425844,93.45760578984313,68.69321935687847,10.796424855225473,18.397438379991026,40.181144924372006,70.97855702323828,66.28758917987068,9.693394659242681,62.30958777220085,30.999401542411988,66.7907526330858,69.00903867025721,50.029816360898174,90.89653951446745,8.963889749923815,13.301959108390193,35.304689526134645,25.813950592824565,43.80048942159361,13.173301172380514,4.431300389131854,93.76059317743312,49.665254313280684
